{"cameraMode":{"drawMode":0,"name":"Shaded","section":"Shading Mode"},"sceneLighting":true,"audioPlay":false,"sceneViewState":{"showFog":true,"showMaterialUpdate":false,"showSkybox":true,"showFlares":true,"showImageEffects":true,"showParticleSystems":true,"showVisualEffectGraphs":true,"m_FxEnabled":true},"in2DMode":false,"pivot":{"x":2.3165791034698488,"y":-0.24029600620269776,"z":-14.392682075500489},"rotation":{"x":-0.0615721195936203,"y":0.07985871285200119,"z":-0.004942321218550205,"w":-0.9948909878730774},"size":5.929820537567139,"orthographic":false}