{"cameraMode":{"drawMode":0,"name":"Shaded","section":"Shading Mode"},"sceneLighting":true,"audioPlay":false,"sceneViewState":{"showFog":true,"showMaterialUpdate":false,"showSkybox":true,"showFlares":true,"showImageEffects":true,"showParticleSystems":true,"showVisualEffectGraphs":true,"m_FxEnabled":true},"in2DMode":false,"pivot":{"x":1.4937410354614258,"y":1.8063485622406006,"z":-5.55459451675415},"rotation":{"x":-0.12597323954105378,"y":-0.0038718024734407665,"z":0.0004918092163279653,"w":-0.9920280575752258},"size":86.58052062988281,"orthographic":false}